{
  "formatVersion": 1,
  "database": {
    "version": 1,
    "identityHash": "d81b92f2e75aeb8d3fd2d2c04fc24c3f",
    "entities": [
      {
        "tableName": "block",
        "createSql": "CREATE TABLE IF NOT EXISTS `${TABLE_NAME}` (`_id` INTEGER NOT NULL, `number` TEXT NOT NULL, PRIMARY KEY(`number`))",
        "fields": [
          {
            "fieldPath": "_id",
            "columnName": "_id",
            "affinity": "INTEGER",
            "notNull": true
          },
          {
            "fieldPath": "number",
            "columnName": "number",
            "affinity": "TEXT",
            "notNull": true
          }
        ],
        "primaryKey": {
          "columnNames": [
            "number"
          ],
          "autoGenerate": false
        },
        "indices": [],
        "foreignKeys": []
      },
      {
        "tableName": "log",
        "createSql": "CREATE TABLE IF NOT EXISTS `${TABLE_NAME}` (`_id` INTEGER PRIMARY KEY AUTOINCREMENT NOT NULL, `number` TEXT NOT NULL, `type` INTEGER NOT NULL, `call_type` INTEGER NOT NULL, `call_rate` REAL NOT NULL, `is_video_call` INTEGER NOT NULL, `date` INTEGER NOT NULL, `duration` INTEGER NOT NULL, `processed_number` TEXT, `record_file_path` TEXT)",
        "fields": [
          {
            "fieldPath": "_id",
            "columnName": "_id",
            "affinity": "INTEGER",
            "notNull": true
          },
          {
            "fieldPath": "number",
            "columnName": "number",
            "affinity": "TEXT",
            "notNull": true
          },
          {
            "fieldPath": "callLogType",
            "columnName": "type",
            "affinity": "INTEGER",
            "notNull": true
          },
          {
            "fieldPath": "callType",
            "columnName": "call_type",
            "affinity": "INTEGER",
            "notNull": true
          },
          {
            "fieldPath": "callRate",
            "columnName": "call_rate",
            "affinity": "REAL",
            "notNull": true
          },
          {
            "fieldPath": "isVideoCall",
            "columnName": "is_video_call",
            "affinity": "INTEGER",
            "notNull": true
          },
          {
            "fieldPath": "date",
            "columnName": "date",
            "affinity": "INTEGER",
            "notNull": true
          },
          {
            "fieldPath": "duration",
            "columnName": "duration",
            "affinity": "INTEGER",
            "notNull": true
          },
          {
            "fieldPath": "processedNumber",
            "columnName": "processed_number",
            "affinity": "TEXT",
            "notNull": false
          },
          {
            "fieldPath": "recorderFilePath",
            "columnName": "record_file_path",
            "affinity": "TEXT",
            "notNull": false
          }
        ],
        "primaryKey": {
          "columnNames": [
            "_id"
          ],
          "autoGenerate": true
        },
        "indices": [],
        "foreignKeys": []
      },
      {
        "tableName": "contacts",
        "createSql": "CREATE TABLE IF NOT EXISTS `${TABLE_NAME}` (`_id` INTEGER PRIMARY KEY AUTOINCREMENT NOT NULL, `number` TEXT NOT NULL, `name` TEXT, `lookup_key` TEXT NOT NULL, `contact_id` TEXT NOT NULL, `photo_uri` TEXT, `processed_number` TEXT, `is_favourite` INTEGER NOT NULL)",
        "fields": [
          {
            "fieldPath": "_id",
            "columnName": "_id",
            "affinity": "INTEGER",
            "notNull": true
          },
          {
            "fieldPath": "number",
            "columnName": "number",
            "affinity": "TEXT",
            "notNull": true
          },
          {
            "fieldPath": "name",
            "columnName": "name",
            "affinity": "TEXT",
            "notNull": false
          },
          {
            "fieldPath": "lookupKey",
            "columnName": "lookup_key",
            "affinity": "TEXT",
            "notNull": true
          },
          {
            "fieldPath": "contactId",
            "columnName": "contact_id",
            "affinity": "TEXT",
            "notNull": true
          },
          {
            "fieldPath": "photoUri",
            "columnName": "photo_uri",
            "affinity": "TEXT",
            "notNull": false
          },
          {
            "fieldPath": "preocessedNumber",
            "columnName": "processed_number",
            "affinity": "TEXT",
            "notNull": false
          },
          {
            "fieldPath": "isFavorite",
            "columnName": "is_favourite",
            "affinity": "INTEGER",
            "notNull": true
          }
        ],
        "primaryKey": {
          "columnNames": [
            "_id"
          ],
          "autoGenerate": true
        },
        "indices": [],
        "foreignKeys": []
      },
      {
        "tableName": "did_table",
        "createSql": "CREATE TABLE IF NOT EXISTS `${TABLE_NAME}` (`_id` INTEGER NOT NULL, `did_id` TEXT NOT NULL, `didOwner` TEXT, `didNumber` TEXT, `forwardedNumber` TEXT, `expiredDate` TEXT, PRIMARY KEY(`did_id`))",
        "fields": [
          {
            "fieldPath": "_id",
            "columnName": "_id",
            "affinity": "INTEGER",
            "notNull": true
          },
          {
            "fieldPath": "didId",
            "columnName": "did_id",
            "affinity": "TEXT",
            "notNull": true
          },
          {
            "fieldPath": "didOwner",
            "columnName": "didOwner",
            "affinity": "TEXT",
            "notNull": false
          },
          {
            "fieldPath": "didNumber",
            "columnName": "didNumber",
            "affinity": "TEXT",
            "notNull": false
          },
          {
            "fieldPath": "forwardedNumber",
            "columnName": "forwardedNumber",
            "affinity": "TEXT",
            "notNull": false
          },
          {
            "fieldPath": "expiredDate",
            "columnName": "expiredDate",
            "affinity": "TEXT",
            "notNull": false
          }
        ],
        "primaryKey": {
          "columnNames": [
            "did_id"
          ],
          "autoGenerate": false
        },
        "indices": [],
        "foreignKeys": []
      },
      {
        "tableName": "group_table",
        "createSql": "CREATE TABLE IF NOT EXISTS `${TABLE_NAME}` (`_id` INTEGER NOT NULL, `groupid` TEXT NOT NULL, `groupname` TEXT, `number` TEXT NOT NULL, `creator` INTEGER NOT NULL, `member` INTEGER NOT NULL, `creatorNumber` TEXT NOT NULL, `group_type` INTEGER NOT NULL, `buddy_public_key` TEXT, `buddy_seed` TEXT, `group_private_key` TEXT, `is_encrypted_group` INTEGER NOT NULL, PRIMARY KEY(`groupid`))",
        "fields": [
          {
            "fieldPath": "_id",
            "columnName": "_id",
            "affinity": "INTEGER",
            "notNull": true
          },
          {
            "fieldPath": "groupId",
            "columnName": "groupid",
            "affinity": "TEXT",
            "notNull": true
          },
          {
            "fieldPath": "groupName",
            "columnName": "groupname",
            "affinity": "TEXT",
            "notNull": false
          },
          {
            "fieldPath": "number",
            "columnName": "number",
            "affinity": "TEXT",
            "notNull": true
          },
          {
            "fieldPath": "isCreator",
            "columnName": "creator",
            "affinity": "INTEGER",
            "notNull": true
          },
          {
            "fieldPath": "isMember",
            "columnName": "member",
            "affinity": "INTEGER",
            "notNull": true
          },
          {
            "fieldPath": "creatorNumber",
            "columnName": "creatorNumber",
            "affinity": "TEXT",
            "notNull": true
          },
          {
            "fieldPath": "groupType",
            "columnName": "group_type",
            "affinity": "INTEGER",
            "notNull": true
          },
          {
            "fieldPath": "buddyPublicKey",
            "columnName": "buddy_public_key",
            "affinity": "TEXT",
            "notNull": false
          },
          {
            "fieldPath": "buddySeed",
            "columnName": "buddy_seed",
            "affinity": "TEXT",
            "notNull": false
          },
          {
            "fieldPath": "groupPrivateKey",
            "columnName": "group_private_key",
            "affinity": "TEXT",
            "notNull": false
          },
          {
            "fieldPath": "isEncryptedGroup",
            "columnName": "is_encrypted_group",
            "affinity": "INTEGER",
            "notNull": true
          }
        ],
        "primaryKey": {
          "columnNames": [
            "groupid"
          ],
          "autoGenerate": false
        },
        "indices": [],
        "foreignKeys": []
      },
      {
        "tableName": "group_message_eligible_table",
        "createSql": "CREATE TABLE IF NOT EXISTS `${TABLE_NAME}` (`_id` INTEGER NOT NULL, `callerid` TEXT NOT NULL, `groupid` TEXT, `eligibleCount` INTEGER NOT NULL, PRIMARY KEY(`_id`))",
        "fields": [
          {
            "fieldPath": "_id",
            "columnName": "_id",
            "affinity": "INTEGER",
            "notNull": true
          },
          {
            "fieldPath": "callId",
            "columnName": "callerid",
            "affinity": "TEXT",
            "notNull": true
          },
          {
            "fieldPath": "groupId",
            "columnName": "groupid",
            "affinity": "TEXT",
            "notNull": false
          },
          {
            "fieldPath": "eligibleCount",
            "columnName": "eligibleCount",
            "affinity": "INTEGER",
            "notNull": true
          }
        ],
        "primaryKey": {
          "columnNames": [
            "_id"
          ],
          "autoGenerate": false
        },
        "indices": [],
        "foreignKeys": []
      },
      {
        "tableName": "location_request_table",
        "createSql": "CREATE TABLE IF NOT EXISTS `${TABLE_NAME}` (`_id` INTEGER NOT NULL, `number` TEXT NOT NULL, `location_request_expire_time` INTEGER, PRIMARY KEY(`number`))",
        "fields": [
          {
            "fieldPath": "_id",
            "columnName": "_id",
            "affinity": "INTEGER",
            "notNull": true
          },
          {
            "fieldPath": "number",
            "columnName": "number",
            "affinity": "TEXT",
            "notNull": true
          },
          {
            "fieldPath": "locationRequestExpireTime",
            "columnName": "location_request_expire_time",
            "affinity": "INTEGER",
            "notNull": false
          }
        ],
        "primaryKey": {
          "columnNames": [
            "number"
          ],
          "autoGenerate": false
        },
        "indices": [],
        "foreignKeys": []
      },
      {
        "tableName": "messages",
        "createSql": "CREATE TABLE IF NOT EXISTS `${TABLE_NAME}` (`_id` INTEGER NOT NULL, `groupid` TEXT, `filepath` TEXT, `messagetype` INTEGER NOT NULL, `deliverystatus` INTEGER NOT NULL, `notification` INTEGER NOT NULL, `received` INTEGER, `editcount` INTEGER NOT NULL, `futuresendtime` INTEGER NOT NULL, `seentime` INTEGER NOT NULL, `query_id` TEXT, `mime_type` TEXT, `is_decrypted` INTEGER NOT NULL, `is_encrypted` INTEGER NOT NULL, `ocid` TEXT, `qcid` TEXT, `quote_preview_content` TEXT, `quote_from_user` TEXT, `quote_file_path` TEXT, `is_emo_only` INTEGER NOT NULL, `long_message` TEXT, `is_im_ready_for_view` INTEGER NOT NULL, `burn_timer_in_sec` INTEGER NOT NULL, `burn__scheduled_timestamp` INTEGER NOT NULL, `callerid` TEXT NOT NULL, `number` TEXT NOT NULL, `date` INTEGER NOT NULL, `messagecontent` TEXT NOT NULL, `display_time` INTEGER NOT NULL, `test` INTEGER NOT NULL, PRIMARY KEY(`callerid`))",
        "fields": [
          {
            "fieldPath": "_id",
            "columnName": "_id",
            "affinity": "INTEGER",
            "notNull": true
          },
          {
            "fieldPath": "groupId",
            "columnName": "groupid",
            "affinity": "TEXT",
            "notNull": false
          },
          {
            "fieldPath": "filePath",
            "columnName": "filepath",
            "affinity": "TEXT",
            "notNull": false
          },
          {
            "fieldPath": "messageType",
            "columnName": "messagetype",
            "affinity": "INTEGER",
            "notNull": true
          },
          {
            "fieldPath": "deliveryStatus",
            "columnName": "deliverystatus",
            "affinity": "INTEGER",
            "notNull": true
          },
          {
            "fieldPath": "notification",
            "columnName": "notification",
            "affinity": "INTEGER",
            "notNull": true
          },
          {
            "fieldPath": "received",
            "columnName": "received",
            "affinity": "INTEGER",
            "notNull": false
          },
          {
            "fieldPath": "editCount",
            "columnName": "editcount",
            "affinity": "INTEGER",
            "notNull": true
          },
          {
            "fieldPath": "futureSendTime",
            "columnName": "futuresendtime",
            "affinity": "INTEGER",
            "notNull": true
          },
          {
            "fieldPath": "seenTime",
            "columnName": "seentime",
            "affinity": "INTEGER",
            "notNull": true
          },
          {
            "fieldPath": "queryId",
            "columnName": "query_id",
            "affinity": "TEXT",
            "notNull": false
          },
          {
            "fieldPath": "mimeType",
            "columnName": "mime_type",
            "affinity": "TEXT",
            "notNull": false
          },
          {
            "fieldPath": "isDecrypted",
            "columnName": "is_decrypted",
            "affinity": "INTEGER",
            "notNull": true
          },
          {
            "fieldPath": "isEncrypted",
            "columnName": "is_encrypted",
            "affinity": "INTEGER",
            "notNull": true
          },
          {
            "fieldPath": "ocid",
            "columnName": "ocid",
            "affinity": "TEXT",
            "notNull": false
          },
          {
            "fieldPath": "qcid",
            "columnName": "qcid",
            "affinity": "TEXT",
            "notNull": false
          },
          {
            "fieldPath": "quotePreviewContent",
            "columnName": "quote_preview_content",
            "affinity": "TEXT",
            "notNull": false
          },
          {
            "fieldPath": "quoteFromUser",
            "columnName": "quote_from_user",
            "affinity": "TEXT",
            "notNull": false
          },
          {
            "fieldPath": "quoteFilePath",
            "columnName": "quote_file_path",
            "affinity": "TEXT",
            "notNull": false
          },
          {
            "fieldPath": "isEmoOnly",
            "columnName": "is_emo_only",
            "affinity": "INTEGER",
            "notNull": true
          },
          {
            "fieldPath": "longMessage",
            "columnName": "long_message",
            "affinity": "TEXT",
            "notNull": false
          },
          {
            "fieldPath": "isReadyToView",
            "columnName": "is_im_ready_for_view",
            "affinity": "INTEGER",
            "notNull": true
          },
          {
            "fieldPath": "burnTimerInSecond",
            "columnName": "burn_timer_in_sec",
            "affinity": "INTEGER",
            "notNull": true
          },
          {
            "fieldPath": "burnScheduledTimeStamp",
            "columnName": "burn__scheduled_timestamp",
            "affinity": "INTEGER",
            "notNull": true
          },
          {
            "fieldPath": "callerId",
            "columnName": "callerid",
            "affinity": "TEXT",
            "notNull": true
          },
          {
            "fieldPath": "number",
            "columnName": "number",
            "affinity": "TEXT",
            "notNull": true
          },
          {
            "fieldPath": "date",
            "columnName": "date",
            "affinity": "INTEGER",
            "notNull": true
          },
          {
            "fieldPath": "content",
            "columnName": "messagecontent",
            "affinity": "TEXT",
            "notNull": true
          },
          {
            "fieldPath": "displayTime",
            "columnName": "display_time",
            "affinity": "INTEGER",
            "notNull": true
          },
          {
            "fieldPath": "test",
            "columnName": "test",
            "affinity": "INTEGER",
            "notNull": true
          }
        ],
        "primaryKey": {
          "columnNames": [
            "callerid"
          ],
          "autoGenerate": false
        },
        "indices": [
          {
            "name": "index_messages_callerid",
            "unique": false,
            "columnNames": [
              "callerid"
            ],
            "createSql": "CREATE  INDEX `index_messages_callerid` ON `${TABLE_NAME}` (`callerid`)"
          }
        ],
        "foreignKeys": []
      },
      {
        "tableName": "message_history_time_table",
        "createSql": "CREATE TABLE IF NOT EXISTS `${TABLE_NAME}` (`_id` INTEGER NOT NULL, `number` TEXT NOT NULL, `time` INTEGER, PRIMARY KEY(`number`))",
        "fields": [
          {
            "fieldPath": "_id",
            "columnName": "_id",
            "affinity": "INTEGER",
            "notNull": true
          },
          {
            "fieldPath": "number",
            "columnName": "number",
            "affinity": "TEXT",
            "notNull": true
          },
          {
            "fieldPath": "time",
            "columnName": "time",
            "affinity": "INTEGER",
            "notNull": false
          }
        ],
        "primaryKey": {
          "columnNames": [
            "number"
          ],
          "autoGenerate": false
        },
        "indices": [],
        "foreignKeys": []
      },
      {
        "tableName": "message_status_table",
        "createSql": "CREATE TABLE IF NOT EXISTS `${TABLE_NAME}` (`_id` INTEGER NOT NULL, `callerid` TEXT NOT NULL, `number` TEXT NOT NULL, `delivery_time` INTEGER NOT NULL, `seen_time` INTEGER NOT NULL, PRIMARY KEY(`callerid`, `number`))",
        "fields": [
          {
            "fieldPath": "_id",
            "columnName": "_id",
            "affinity": "INTEGER",
            "notNull": true
          },
          {
            "fieldPath": "callerId",
            "columnName": "callerid",
            "affinity": "TEXT",
            "notNull": true
          },
          {
            "fieldPath": "number",
            "columnName": "number",
            "affinity": "TEXT",
            "notNull": true
          },
          {
            "fieldPath": "deliveryTime",
            "columnName": "delivery_time",
            "affinity": "INTEGER",
            "notNull": true
          },
          {
            "fieldPath": "seenTime",
            "columnName": "seen_time",
            "affinity": "INTEGER",
            "notNull": true
          }
        ],
        "primaryKey": {
          "columnNames": [
            "callerid",
            "number"
          ],
          "autoGenerate": false
        },
        "indices": [],
        "foreignKeys": []
      },
      {
        "tableName": "multipartmessages",
        "createSql": "CREATE TABLE IF NOT EXISTS `${TABLE_NAME}` (`_id` INTEGER NOT NULL, `callerid` TEXT NOT NULL, `calleridlocal` TEXT, `number` TEXT NOT NULL, `groupid` TEXT NOT NULL, `date` INTEGER NOT NULL, `multipart_number` INTEGER NOT NULL, `is_decrypted` INTEGER NOT NULL, `total_parts` INTEGER NOT NULL, `is_outgoing` INTEGER NOT NULL, `messagecontent` TEXT NOT NULL, PRIMARY KEY(`callerid`))",
        "fields": [
          {
            "fieldPath": "_id",
            "columnName": "_id",
            "affinity": "INTEGER",
            "notNull": true
          },
          {
            "fieldPath": "callerId",
            "columnName": "callerid",
            "affinity": "TEXT",
            "notNull": true
          },
          {
            "fieldPath": "callerIdLocal",
            "columnName": "calleridlocal",
            "affinity": "TEXT",
            "notNull": false
          },
          {
            "fieldPath": "number",
            "columnName": "number",
            "affinity": "TEXT",
            "notNull": true
          },
          {
            "fieldPath": "groupId",
            "columnName": "groupid",
            "affinity": "TEXT",
            "notNull": true
          },
          {
            "fieldPath": "date",
            "columnName": "date",
            "affinity": "INTEGER",
            "notNull": true
          },
          {
            "fieldPath": "multipartNumber",
            "columnName": "multipart_number",
            "affinity": "INTEGER",
            "notNull": true
          },
          {
            "fieldPath": "isDecrypted",
            "columnName": "is_decrypted",
            "affinity": "INTEGER",
            "notNull": true
          },
          {
            "fieldPath": "totalParts",
            "columnName": "total_parts",
            "affinity": "INTEGER",
            "notNull": true
          },
          {
            "fieldPath": "isOutgoing",
            "columnName": "is_outgoing",
            "affinity": "INTEGER",
            "notNull": true
          },
          {
            "fieldPath": "messageContent",
            "columnName": "messagecontent",
            "affinity": "TEXT",
            "notNull": true
          }
        ],
        "primaryKey": {
          "columnNames": [
            "callerid"
          ],
          "autoGenerate": false
        },
        "indices": [],
        "foreignKeys": []
      },
      {
        "tableName": "rate_table",
        "createSql": "CREATE TABLE IF NOT EXISTS `${TABLE_NAME}` (`_id` INTEGER PRIMARY KEY AUTOINCREMENT NOT NULL, `country` TEXT NOT NULL, `operator` TEXT NOT NULL, `call_rate` TEXT NOT NULL)",
        "fields": [
          {
            "fieldPath": "_id",
            "columnName": "_id",
            "affinity": "INTEGER",
            "notNull": true
          },
          {
            "fieldPath": "country",
            "columnName": "country",
            "affinity": "TEXT",
            "notNull": true
          },
          {
            "fieldPath": "operator",
            "columnName": "operator",
            "affinity": "TEXT",
            "notNull": true
          },
          {
            "fieldPath": "callRate",
            "columnName": "call_rate",
            "affinity": "TEXT",
            "notNull": true
          }
        ],
        "primaryKey": {
          "columnNames": [
            "_id"
          ],
          "autoGenerate": true
        },
        "indices": [],
        "foreignKeys": []
      },
      {
        "tableName": "recharge_table",
        "createSql": "CREATE TABLE IF NOT EXISTS `${TABLE_NAME}` (`_id` INTEGER PRIMARY KEY AUTOINCREMENT NOT NULL, `amount` TEXT NOT NULL, `currency_code` TEXT NOT NULL, `transaction_id` TEXT NOT NULL, `payment_method` TEXT NOT NULL, `status` INTEGER NOT NULL, `refund_text` TEXT NOT NULL)",
        "fields": [
          {
            "fieldPath": "_id",
            "columnName": "_id",
            "affinity": "INTEGER",
            "notNull": true
          },
          {
            "fieldPath": "amount",
            "columnName": "amount",
            "affinity": "TEXT",
            "notNull": true
          },
          {
            "fieldPath": "currencyCode",
            "columnName": "currency_code",
            "affinity": "TEXT",
            "notNull": true
          },
          {
            "fieldPath": "transactionId",
            "columnName": "transaction_id",
            "affinity": "TEXT",
            "notNull": true
          },
          {
            "fieldPath": "paymentMethod",
            "columnName": "payment_method",
            "affinity": "TEXT",
            "notNull": true
          },
          {
            "fieldPath": "status",
            "columnName": "status",
            "affinity": "INTEGER",
            "notNull": true
          },
          {
            "fieldPath": "refundText",
            "columnName": "refund_text",
            "affinity": "TEXT",
            "notNull": true
          }
        ],
        "primaryKey": {
          "columnNames": [
            "_id"
          ],
          "autoGenerate": true
        },
        "indices": [],
        "foreignKeys": []
      },
      {
        "tableName": "sms_log",
        "createSql": "CREATE TABLE IF NOT EXISTS `${TABLE_NAME}` (`_id` INTEGER PRIMARY KEY AUTOINCREMENT NOT NULL, `number` TEXT NOT NULL, `date` INTEGER NOT NULL, `text` TEXT NOT NULL, `type` INTEGER NOT NULL)",
        "fields": [
          {
            "fieldPath": "_id",
            "columnName": "_id",
            "affinity": "INTEGER",
            "notNull": true
          },
          {
            "fieldPath": "number",
            "columnName": "number",
            "affinity": "TEXT",
            "notNull": true
          },
          {
            "fieldPath": "date",
            "columnName": "date",
            "affinity": "INTEGER",
            "notNull": true
          },
          {
            "fieldPath": "text",
            "columnName": "text",
            "affinity": "TEXT",
            "notNull": true
          },
          {
            "fieldPath": "type",
            "columnName": "type",
            "affinity": "INTEGER",
            "notNull": true
          }
        ],
        "primaryKey": {
          "columnNames": [
            "_id"
          ],
          "autoGenerate": true
        },
        "indices": [],
        "foreignKeys": []
      },
      {
        "tableName": "subscribed_packages",
        "createSql": "CREATE TABLE IF NOT EXISTS `${TABLE_NAME}` (`_id` INTEGER PRIMARY KEY AUTOINCREMENT NOT NULL, `package_id` TEXT, `package_name` TEXT, `package_value` TEXT, `package_activation_time` TEXT, `package_deactivation_time` TEXT, `group_id` TEXT, `thumbnail` TEXT, `valid_till` TEXT, `subtitle` TEXT, `unused_balance` TEXT, `available_minutes` TEXT, `package_type` TEXT, `unused_minutes` TEXT)",
        "fields": [
          {
            "fieldPath": "_id",
            "columnName": "_id",
            "affinity": "INTEGER",
            "notNull": true
          },
          {
            "fieldPath": "packageId",
            "columnName": "package_id",
            "affinity": "TEXT",
            "notNull": false
          },
          {
            "fieldPath": "packageName",
            "columnName": "package_name",
            "affinity": "TEXT",
            "notNull": false
          },
          {
            "fieldPath": "packageValue",
            "columnName": "package_value",
            "affinity": "TEXT",
            "notNull": false
          },
          {
            "fieldPath": "packageActivationTime",
            "columnName": "package_activation_time",
            "affinity": "TEXT",
            "notNull": false
          },
          {
            "fieldPath": "packageDeactivationTime",
            "columnName": "package_deactivation_time",
            "affinity": "TEXT",
            "notNull": false
          },
          {
            "fieldPath": "groupId",
            "columnName": "group_id",
            "affinity": "TEXT",
            "notNull": false
          },
          {
            "fieldPath": "thumbnail",
            "columnName": "thumbnail",
            "affinity": "TEXT",
            "notNull": false
          },
          {
            "fieldPath": "validTill",
            "columnName": "valid_till",
            "affinity": "TEXT",
            "notNull": false
          },
          {
            "fieldPath": "subtitle",
            "columnName": "subtitle",
            "affinity": "TEXT",
            "notNull": false
          },
          {
            "fieldPath": "unusedBalance",
            "columnName": "unused_balance",
            "affinity": "TEXT",
            "notNull": false
          },
          {
            "fieldPath": "availableMinutes",
            "columnName": "available_minutes",
            "affinity": "TEXT",
            "notNull": false
          },
          {
            "fieldPath": "packageType",
            "columnName": "package_type",
            "affinity": "TEXT",
            "notNull": false
          },
          {
            "fieldPath": "unusedMinutes",
            "columnName": "unused_minutes",
            "affinity": "TEXT",
            "notNull": false
          }
        ],
        "primaryKey": {
          "columnNames": [
            "_id"
          ],
          "autoGenerate": true
        },
        "indices": [],
        "foreignKeys": []
      },
      {
        "tableName": "subscriber",
        "createSql": "CREATE TABLE IF NOT EXISTS `${TABLE_NAME}` (`_id` INTEGER NOT NULL, `number` TEXT NOT NULL, `name` TEXT, `lookup_key` TEXT NOT NULL, `presencestate` INTEGER NOT NULL, `presencenote` TEXT, `subscriberimagehash` TEXT, `last_online_time` INTEGER, `isfavourite` INTEGER NOT NULL, `buddy_public_key` TEXT NOT NULL, `buddy_seed` TEXT NOT NULL, PRIMARY KEY(`number`))",
        "fields": [
          {
            "fieldPath": "_id",
            "columnName": "_id",
            "affinity": "INTEGER",
            "notNull": true
          },
          {
            "fieldPath": "number",
            "columnName": "number",
            "affinity": "TEXT",
            "notNull": true
          },
          {
            "fieldPath": "name",
            "columnName": "name",
            "affinity": "TEXT",
            "notNull": false
          },
          {
            "fieldPath": "lookUpKey",
            "columnName": "lookup_key",
            "affinity": "TEXT",
            "notNull": true
          },
          {
            "fieldPath": "presencesState",
            "columnName": "presencestate",
            "affinity": "INTEGER",
            "notNull": true
          },
          {
            "fieldPath": "presenceNote",
            "columnName": "presencenote",
            "affinity": "TEXT",
            "notNull": false
          },
          {
            "fieldPath": "subscriberImageHash",
            "columnName": "subscriberimagehash",
            "affinity": "TEXT",
            "notNull": false
          },
          {
            "fieldPath": "lastOnlineTime",
            "columnName": "last_online_time",
            "affinity": "INTEGER",
            "notNull": false
          },
          {
            "fieldPath": "isFavorite",
            "columnName": "isfavourite",
            "affinity": "INTEGER",
            "notNull": true
          },
          {
            "fieldPath": "buddyPublicKey",
            "columnName": "buddy_public_key",
            "affinity": "TEXT",
            "notNull": true
          },
          {
            "fieldPath": "buddySeed",
            "columnName": "buddy_seed",
            "affinity": "TEXT",
            "notNull": true
          }
        ],
        "primaryKey": {
          "columnNames": [
            "number"
          ],
          "autoGenerate": false
        },
        "indices": [],
        "foreignKeys": []
      },
      {
        "tableName": "subscriber_lookup_table",
        "createSql": "CREATE TABLE IF NOT EXISTS `${TABLE_NAME}` (`_id` INTEGER PRIMARY KEY AUTOINCREMENT NOT NULL, `number` TEXT NOT NULL, `lookup_key` TEXT)",
        "fields": [
          {
            "fieldPath": "_id",
            "columnName": "_id",
            "affinity": "INTEGER",
            "notNull": true
          },
          {
            "fieldPath": "number",
            "columnName": "number",
            "affinity": "TEXT",
            "notNull": true
          },
          {
            "fieldPath": "lookUpKey",
            "columnName": "lookup_key",
            "affinity": "TEXT",
            "notNull": false
          }
        ],
        "primaryKey": {
          "columnNames": [
            "_id"
          ],
          "autoGenerate": true
        },
        "indices": [
          {
            "name": "index_subscriber_lookup_table_lookup_key",
            "unique": true,
            "columnNames": [
              "lookup_key"
            ],
            "createSql": "CREATE UNIQUE INDEX `index_subscriber_lookup_table_lookup_key` ON `${TABLE_NAME}` (`lookup_key`)"
          }
        ],
        "foreignKeys": []
      },
      {
        "tableName": "topuplog",
        "createSql": "CREATE TABLE IF NOT EXISTS `${TABLE_NAME}` (`_id` INTEGER PRIMARY KEY AUTOINCREMENT NOT NULL, `topupid` INTEGER NOT NULL, `number` TEXT NOT NULL, `amount` TEXT NOT NULL, `status` INTEGER NOT NULL, `date` INTEGER NOT NULL)",
        "fields": [
          {
            "fieldPath": "_id",
            "columnName": "_id",
            "affinity": "INTEGER",
            "notNull": true
          },
          {
            "fieldPath": "topUpId",
            "columnName": "topupid",
            "affinity": "INTEGER",
            "notNull": true
          },
          {
            "fieldPath": "number",
            "columnName": "number",
            "affinity": "TEXT",
            "notNull": true
          },
          {
            "fieldPath": "amount",
            "columnName": "amount",
            "affinity": "TEXT",
            "notNull": true
          },
          {
            "fieldPath": "status",
            "columnName": "status",
            "affinity": "INTEGER",
            "notNull": true
          },
          {
            "fieldPath": "date",
            "columnName": "date",
            "affinity": "INTEGER",
            "notNull": true
          }
        ],
        "primaryKey": {
          "columnNames": [
            "_id"
          ],
          "autoGenerate": true
        },
        "indices": [],
        "foreignKeys": []
      }
    ],
    "setupQueries": [
      "CREATE TABLE IF NOT EXISTS room_master_table (id INTEGER PRIMARY KEY,identity_hash TEXT)",
      "INSERT OR REPLACE INTO room_master_table (id,identity_hash) VALUES(42, \"d81b92f2e75aeb8d3fd2d2c04fc24c3f\")"
    ]
  }
}