{
  "project_info": {
    "project_number": "132710200407",
    "firebase_url": "https://basedialer.firebaseio.com",
    "project_id": "basedialer",
    "storage_bucket": "basedialer.appspot.com"
  },
  "client": [
    {
      "client_info": {
        "mobilesdk_app_id": "1:132710200407:android:151799159caca9ad",
        "android_client_info": {
          "package_name": "com.reve.base"
        }
      },
      "oauth_client": [
        {
          "client_id": "132710200407-qlfpkac45dt8vbdp61pc6uecp6qb8tue.apps.googleusercontent.com",
          "client_type": 1,
          "android_info": {
            "package_name": "com.reve.base",
            "certificate_hash": "fb403aa1aa19da9adfdea924615335e15beaf8ff"
          }
        },
        {
          "client_id": "132710200407-2pvnc3qnrcicds3ogakluq66dlrpek24.apps.googleusercontent.com",
          "client_type": 3
        }
      ],
      "api_key": [
        {
          "current_key": "AIzaSyDy9CIKTAdtZhiKyuhCBetCbGYaAIe0CUY"
        }
      ],
      "services": {
        "analytics_service": {
          "status": 1
        },
        "appinvite_service": {
          "status": 2,
          "other_platform_oauth_client": [
            {
              "client_id": "132710200407-2pvnc3qnrcicds3ogakluq66dlrpek24.apps.googleusercontent.com",
              "client_type": 3
            }
          ]
        },
        "ads_service": {
          "status": 2
        }
      }
    }
  ],
  "configuration_version": "1"
}